[
  {
    "model": "login.area",
    "pk": 1,
    "fields": {
      "name": "Biorremediación bacteriana de ambientes contaminados"
    }
  },

  {
    "model": "login.area",
    "pk": 2,
    "fields": {
      "name": "Genómica Funcional de bacterias para su reconstrucción metabólica y fisiológica"
    }
  },

  {
    "model": "login.area",
    "pk": 3,
    "fields": {
      "name": "Síntesis microbiana y caracterización de biopolímeros"
    }
  },

  {
    "model": "login.area",
    "pk": 4,
    "fields": {
      "name": "Prospección de compuestos bioactivos de microorganismos, plantas y animales"
    }
  },

  {
    "model": "login.area",
    "pk": 5,
    "fields": {
      "name": "Interacciones microorganismos y plantas"
    }
  },

  {
    "model": "login.area",
    "pk": 6,
    "fields": {
      "name": "Bionanotecnología"
    }
  },

  {
    "model": "login.subarea",
    "pk": 1,
    "fields": {
      "name": "Biorremediación de policlorobifenilos",
      "area": 1
    }
  },

  {
    "model": "login.subarea",
    "pk": 2,
    "fields": {
      "name": "Biorremediación de pesticidas",
      "area": 1
    }
  },

  {
    "model": "login.subarea",
    "pk": 3,
    "fields": {
      "name": "Biorremediación de hidrocarburos",
      "area": 1
    }
  },

  {
    "model": "login.subarea",
    "pk": 4,
    "fields": {
      "name": "Biorremediación de metales pesados",
      "area": 1
    }
  },

  {
    "model": "login.subarea",
    "pk": 5,
    "fields": {
      "name": "Monitoreo de contaminantes orgánicos persistentes",
      "area": 1
    }
  },


  {
    "model": "login.subarea",
    "pk": 6,
    "fields": {
      "name": "Reconstrucción del metabolismo de bacterias a partir de sus genomas",
      "area": 2
    }
  },

  {
    "model": "login.subarea",
    "pk": 7,
    "fields": {
      "name": "Funcionalidad de rutas catabólicas de compuestos aromáticos",
      "area": 2
    }
  },

  {
    "model": "login.subarea",
    "pk": 8,
    "fields": {
      "name": "Funcionalidad de rutas anabólicas de compuestos aromáticos",
      "area": 2
    }
  },

  {
    "model": "login.subarea",
    "pk": 9,
    "fields": {
      "name": "Respuesta molecular de bacterias frente a compuestos orgánicos y a cambios en su entorno",
      "area": 2
    }
  },

  {
    "model": "login.subarea",
    "pk": 10,
    "fields": {
      "name": "Estrés oxidativo",
      "area": 2
    }
  },

  {
    "model": "login.subarea",
    "pk": 11,
    "fields": {
      "name": "Síntesis bacteriana de biopolímeros como polihidroxialcanoatos",
      "area": 3
    }
  },

  {
    "model": "login.subarea",
    "pk": 12,
    "fields": {
      "name": "Caracterización de biopolímeros y sus aplicaciones",
      "area": 3
    }
  },
  {
    "model": "login.subarea",
    "pk": 13,
    "fields": {
      "name": "Aislamiento y caracterización de Actinobacterias",
      "area": 4
    }
  },

  {
    "model": "login.subarea",
    "pk": 14,
    "fields": {
      "name": "Síntesis de compuestos bioactivos tipo PKS y NRPS por bacterias ambientales",
      "area": 4
    }
  },

  {
    "model": "login.subarea",
    "pk": 15,
    "fields": {
      "name": "Biotransformaciones de compuestos aromáticos mediante enzimas microbianas",
      "area": 4
    }
  },

  {
    "model": "login.subarea",
    "pk": 16,
    "fields": {
      "name": "Generación de nuevas moléculas antioxidantes mediante biotransformaciones",
      "area": 4
    }
  },

  {
    "model": "login.subarea",
    "pk": 17,
    "fields": {
      "name": "Aislamiento y caracterización de compuestos bioactivos de organismos marinos",
      "area": 4
    }
  },

  {
    "model": "login.subarea",
    "pk": 18,
    "fields": {
      "name": "Extracción de compuestos bioactivos a partir de flora nativa chilena",
      "area": 4
    }
  },

  {
    "model": "login.subarea",
    "pk": 19,
    "fields": {
      "name": "Aislamiento y caracterización de bacterias promotoras del crecimiento vegetal y micorrizas",
      "area": 5
    }
  },

  {
    "model": "login.subarea",
    "pk": 20,
    "fields": {
      "name": "Efecto de bacterias promotoras del crecimiento vegetal sobre plantas",
      "area": 5
    }
  },

  {
    "model": "login.subarea",
    "pk": 21,
    "fields": {
      "name": "Efecto de hongos micorrícicos arbusculares sobre la vid",
      "area": 5
    }
  },

  {
    "model": "login.subarea",
    "pk": 22,
    "fields": {
      "name": "Efecto de fitopatógenos como Pseudomonas syringae y Clavibacter michiganensis subsp. michiganensis sobre plantas de tomate",
      "area": 5
    }
  },

  {
    "model": "login.subarea",
    "pk": 23,
    "fields": {
      "name": "Estrategias de biocontrol de fitopatógenos",
      "area": 5
    }
  },

  {
    "model": "login.subarea",
    "pk": 24,
    "fields": {
      "name": "Síntesis química y biogénica de nanopartículas metálicas",
      "area": 6
    }
  },

  {
    "model": "login.subarea",
    "pk": 25,
    "fields": {
      "name": "Desarrollo de nanopartículas metálicas como sistemas de liberación de fármacos",
      "area": 6
    }
  },

  {
    "model": "login.subarea",
    "pk": 26,
    "fields": {
      "name": "Síntesis de biopolímeros",
      "area": 6
    }
  },

  {
    "model": "webpage.section",
    "pk": 1,
    "fields": {
      "spanish_name": "Nuestro laboratorio",
      "english_name": "Our laboratory",
      "slug": "about",
      "spanish_title": "<h1 class='c12'>Sobre Laboratorio de Microbiología Molecular y Biotecnología Ambiental:</h1>",
      "spanish_body": "<p class='s3 c9'>El laboratorio de Microbiología Molecular y Biotecnología Ambiental de la Universidad Técnica Federico Santa María estudia la degradación bacteriana de contaminantes orgánicos persistentes, química ambiental, genómica y proteómica funcional. Ademas, hemos trabajado con distintas universidades de Chile y el mundo.</p>",
      "english_title": "<h1 class='c12'>Sobre Laboratorio de Microbiología Molecular y Biotecnología Ambiental:</h1>",
      "english_body": "<p class='s3 c9'>El laboratorio de Microbiología Molecular y Biotecnología Ambiental de la Universidad Técnica Federico Santa María estudia la degradación bacteriana de contaminantes orgánicos persistentes, química ambiental, genómica y proteómica funcional. Ademas, hemos trabajado con distintas universidades de Chile y el mundo.</p>"
    }
  },

  {
    "model": "webpage.section",
    "pk": 2,
    "fields": {
      "spanish_name": "Productos y Servicios",
      "english_name": "Products and Services",
      "slug": "products",
      "spanish_title": "<h1 class='c12'>Productos y Servicios del Laboratorio de Microbiología Molecular y Biotecnología Ambiental:</h1>",
      "english_title": "<h1 class='c12'>Productos y Servicios del Laboratorio de Microbiología Molecular y Biotecnología Ambiental:</h1>"
    }
  },

  {
    "model": "webpage.subsectioncategory",
    "pk": 1,
    "fields": {
      "spanish_name": "Sobre Nosotros",
      "english_name": "About",
      "section": 1
    }
  },

  {
    "model": "webpage.subsectioncategory",
    "pk": 2,
    "fields": {
      "spanish_name": "Investigación",
      "english_name": "Investigation",
      "section": 1
    }
  },

  {
    "model": "webpage.subsectioncategory",
    "pk": 3,
    "fields": {
      "spanish_name": "Cooperación Científica",
      "english_name": "Scientific Cooperation",
      "section": 1
    }
  },

  {
    "model": "webpage.subsectioncategory",
    "pk": 4,
    "fields": {
      "spanish_name": "Patentes",
      "english_name": "Patents",
      "section": 2
    }
  },

  {
    "model": "webpage.subsectioncategory",
    "pk": 5,
    "fields": {
      "spanish_name": "Tecnologías",
      "english_name": "Technologies",
      "section": 2
    }
  },

  {
    "model": "webpage.subsectioncategory",
    "pk": 6,
    "fields": {
      "spanish_name": "Asesorías",
      "english_name": "Counselings",
      "section": 2
    }
  },

  {
    "model": "webpage.subsection",
    "pk": 1,
    "fields": {
      "spanish_name": "Quiénes Somos",
      "english_name": "About us",
      "slug": "us",
      "spanish_title": "<h1 class='c12'>Quiénes Somos</h1>",
      "english_title": "<h1 class='c12'>About us</h1>",
      "category": 1
    }
  },

  {
    "model": "webpage.subsection",
    "pk": 2,
    "fields": {
      "spanish_name": "Nuestra Historia",
      "english_name": "Our History",
      "slug": "history",
      "spanish_title": "<h1 class='c12'>Nuestra Historia</h1>",
      "english_title": "<h1 class='c12'>Our History</h1>",
      "category": 1
    }
  },

  {
    "model": "webpage.subsection",
    "pk": 3,
    "fields": {
      "spanish_name": "Ubicación",
      "english_name": "Location",
      "slug": "location",
      "spanish_title": "<h1 class='c12'>Ubicación</h1>",
      "english_title": "<h1 class='c12'>Location</h1>",
      "category": 1
    }
  },

  {
    "model": "webpage.subsection",
    "pk": 4,
    "fields": {
      "spanish_name": "Áreas de Investigación",
      "english_name": "Investigation Areas",
      "slug": "areas",
      "spanish_title": "<h1 class='c12'>Áreas de Investigación</h1>",
      "english_title": "<h1 class='c12'>Investigation Areas</h1>",
      "category": 2
    }
  },

  {
    "model": "webpage.subsection",
    "pk": 5,
    "fields": {
      "spanish_name": "Proyectos",
      "english_name": "Projects",
      "slug": "projects",
      "spanish_title": "<h1 class='c12'>Proyectos</h1>",
      "english_title": "<h1 class='c12'>Projects</h1>",
      "category": 2
    }
  },

  {
    "model": "webpage.subsection",
    "pk": 6,
    "fields": {
      "spanish_name": "Patentes",
      "english_name": "Patents",
      "slug": "patents",
      "spanish_title": "<h1 class='c12'>Patentes</h1>",
      "english_title": "<h1 class='c12'>Patents</h1>",
      "category": 2
    }
  },

  {
    "model": "webpage.subsection",
    "pk": 7,
    "fields": {
      "spanish_name": "Links de Interés",
      "english_name": "Links of Interest",
      "slug": "links",
      "spanish_title": "<h1 class='c12'>Links de Interés</h1>",
      "english_title": "<h1 class='c12'>Links of Interest</h1>",
      "category": 2
    }
  },

  {
    "model": "webpage.subsection",
    "pk": 8,
    "fields": {
      "spanish_name": "Nacional",
      "english_name": "National",
      "slug": "national",
      "spanish_title": "<h1 class='c12'>Nacional</h1>",
      "english_title": "<h1 class='c12'>National</h1>",
      "category": 3
    }
  },

  {
    "model": "webpage.subsection",
    "pk": 9,
    "fields": {
      "spanish_name": "Internacional",
      "english_name": "International",
      "slug": "international",
      "spanish_title": "<h1 class='c12'>Internacional</h1>",
      "english_title": "<h1 class='c12'>International</h1>",
      "category": 3
    }
  }
]